<?xml version='1.0' encoding='UTF-8' ?>
<timeLogEntries>
  <time id="1" path="/Non Project/PSP for Engineers/Program 1/Planning" start="@1455997612242" delta="13" />
  <time id="2" path="/Non Project/PSP for Engineers/Program 1/Design" start="@1455998415166" delta="17" interrupt="5" />
  <time id="3" path="/Non Project/PSP for Engineers/Program 1/Code" start="@1455999747010" delta="6" />
  <time id="4" path="/Non Project/PSP for Engineers/Program 1/Design" start="@1456000701258" delta="5" />
  <time id="5" path="/Non Project/PSP for Engineers/Program 1/Compile" start="@1456000997792" delta="2" />
  <time id="6" path="/Non Project/PSP for Engineers/Program 1/Test" start="@1456001118370" delta="4" interrupt="4" />
  <time id="7" path="/Non Project/PSP for Engineers/Program 1/Design" start="@1456001653664" delta="1" />
  <time id="8" path="/Non Project/PSP for Engineers/Program 1/Compile" start="@1456001725485" delta="2" />
  <time id="9" path="/Non Project/PSP for Engineers/Program 1/Design" start="@1456003152341" delta="4" />
  <time id="10" path="/Non Project/PSP for Engineers/Program 1/Design" start="@1456004136274" delta="6" />
  <time id="11" path="/Non Project/PSP for Engineers/Program 1/Code" start="@1456004505960" delta="7" />
  <time id="12" path="/Non Project/PSP for Engineers/Program 1/Compile" start="@1456004939372" delta="2" />
  <time id="13" path="/Non Project/PSP for Engineers/Program 1/Compile" start="@1456005644722" delta="6" />
  <time id="14" path="/Non Project/PSP for Engineers/Program 1/Design" start="@1456006052873" delta="7" />
  <time id="15" path="/Non Project/PSP for Engineers/Program 1/Test" start="@1456007121165" delta="2" />
  <time id="16" path="/Non Project/PSP for Engineers/Program 1/Design" start="@1456007235080" delta="4" />
  <time id="17" path="/Non Project/PSP for Engineers/Program 1/Code" start="@1456007480430" delta="11" />
  <time id="18" path="/Non Project/PSP for Engineers/Program 1/Compile" start="@1456008163179" delta="38" interrupt="7" />
  <time id="19" path="/Non Project/PSP for Engineers/Program 1/Test" start="@1456010906126" delta="13" />
  <time id="20" path="/Non Project/PSP for Engineers/Program 1/Design" start="@1456011679442" delta="4" />
  <time id="21" path="/Non Project/PSP for Engineers/Program 1/Code" start="@1456011907095" delta="5" />
  <time id="22" path="/Non Project/PSP for Engineers/Program 1/Compile" start="@1456012228156" delta="2" />
  <time id="23" path="/Non Project/PSP for Engineers/Program 1/Design" start="@1456012346767" delta="2" />
  <time id="24" path="/Non Project/PSP for Engineers/Program 1/Design" start="@1456012455219" delta="2" />
  <time id="25" path="/Non Project/PSP for Engineers/Program 1/Code" start="@1456012588426" delta="3" />
  <time id="26" path="/Non Project/PSP for Engineers/Program 1/Code" start="@1456013699199" delta="14" />
  <time id="27" path="/Non Project/PSP for Engineers/Program 1/Compile" start="@1456014560665" delta="3" />
  <time id="28" path="/Non Project/PSP for Engineers/Program 1/Design" start="@1456014752679" delta="13" interrupt="4" />
  <time id="29" path="/Non Project/PSP for Engineers/Program 1/Compile" start="@1456015838305" delta="7" />
  <time id="30" path="/Non Project/PSP for Engineers/Program 1/Test" start="@1456016251321" delta="7" interrupt="1" />
  <time id="31" path="/Non Project/PSP for Engineers/Program 1/Design" start="@1456016731840" delta="3" />
  <time id="32" path="/Non Project/PSP for Engineers/Program 1/Code" start="@1456016926197" delta="9" />
  <time id="33" path="/Non Project/PSP for Engineers/Program 1/Code" start="@1456018496803" delta="3" />
  <time id="34" path="/Non Project/PSP for Engineers/Program 1/Test" start="@1456018679921" delta="5" />
  <time id="35" path="/Non Project/PSP for Engineers/Program 1/Code" start="@1456018979375" delta="10" />
  <time id="36" path="/Non Project/PSP for Engineers/Program 1/Design" start="@1456020027402" delta="10" />
  <time id="37" path="/Non Project/PSP for Engineers/Program 1/Design" start="@1456020640230" delta="6" />
  <time id="38" path="/Non Project/PSP for Engineers/Program 1/Code" start="@1456020991769" delta="7" />
  <time id="39" path="/Non Project/PSP for Engineers/Program 1/Compile" start="@1456021441059" delta="3" />
  <time id="40" path="/Non Project/PSP for Engineers/Program 1/Design" start="@1456021647385" delta="2" />
  <time id="41" path="/Non Project/PSP for Engineers/Program 1/Code" start="@1456021787650" delta="2" />
</timeLogEntries>
