<?xml version='1.0' encoding='UTF-8' ?>
<timeLogEntries>
  <time id="1" path="/Non Project/PSP for Engineers/Program 1/Planning" start="@1455997612242" delta="13" />
  <time id="2" path="/Non Project/PSP for Engineers/Program 1/Design" start="@1455998415166" delta="17" interrupt="5" />
  <time id="3" path="/Non Project/PSP for Engineers/Program 1/Code" start="@1455999747010" delta="6" />
  <time id="4" path="/Non Project/PSP for Engineers/Program 1/Design" start="@1456000701258" delta="5" />
  <time id="5" path="/Non Project/PSP for Engineers/Program 1/Compile" start="@1456000997792" delta="2" />
  <time id="6" path="/Non Project/PSP for Engineers/Program 1/Test" start="@1456001118370" delta="4" interrupt="4" />
  <time id="7" path="/Non Project/PSP for Engineers/Program 1/Design" start="@1456001653664" delta="1" />
  <time id="8" path="/Non Project/PSP for Engineers/Program 1/Compile" start="@1456001725485" delta="2" />
  <time id="9" path="/Non Project/PSP for Engineers/Program 1/Design" start="@1456003152341" delta="4" />
  <time id="10" path="/Non Project/PSP for Engineers/Program 1/Design" start="@1456004136274" delta="6" />
  <time id="11" path="/Non Project/PSP for Engineers/Program 1/Code" start="@1456004505960" delta="7" />
  <time id="12" path="/Non Project/PSP for Engineers/Program 1/Compile" start="@1456004939372" delta="2" />
  <time id="13" path="/Non Project/PSP for Engineers/Program 1/Compile" start="@1456005644722" delta="6" />
  <time id="14" path="/Non Project/PSP for Engineers/Program 1/Design" start="@1456006052873" delta="7" />
  <time id="15" path="/Non Project/PSP for Engineers/Program 1/Test" start="@1456007121165" delta="2" />
  <time id="16" path="/Non Project/PSP for Engineers/Program 1/Design" start="@1456007235080" delta="4" />
  <time id="17" path="/Non Project/PSP for Engineers/Program 1/Code" start="@1456007480430" delta="11" />
  <time id="18" path="/Non Project/PSP for Engineers/Program 1/Compile" start="@1456008163179" delta="38" interrupt="7" />
  <time id="19" path="/Non Project/PSP for Engineers/Program 1/Test" start="@1456010906126" delta="13" />
  <time id="20" path="/Non Project/PSP for Engineers/Program 1/Design" start="@1456011679442" delta="4" />
  <time id="21" path="/Non Project/PSP for Engineers/Program 1/Code" start="@1456011907095" delta="5" />
  <time id="22" path="/Non Project/PSP for Engineers/Program 1/Compile" start="@1456012228156" delta="2" />
  <time id="23" path="/Non Project/PSP for Engineers/Program 1/Design" start="@1456012346767" delta="2" />
  <time id="24" path="/Non Project/PSP for Engineers/Program 1/Design" start="@1456012455219" delta="2" />
  <time id="25" path="/Non Project/PSP for Engineers/Program 1/Code" start="@1456012588426" delta="3" />
  <time id="26" path="/Non Project/PSP for Engineers/Program 1/Code" start="@1456013699199" delta="14" />
  <time id="27" path="/Non Project/PSP for Engineers/Program 1/Compile" start="@1456014560665" delta="3" />
  <time id="28" path="/Non Project/PSP for Engineers/Program 1/Design" start="@1456014752679" delta="13" interrupt="4" />
  <time id="29" path="/Non Project/PSP for Engineers/Program 1/Compile" start="@1456015838305" delta="7" />
  <time id="30" path="/Non Project/PSP for Engineers/Program 1/Test" start="@1456016251321" delta="7" interrupt="1" />
  <time id="31" path="/Non Project/PSP for Engineers/Program 1/Design" start="@1456016731840" delta="3" />
  <time id="32" path="/Non Project/PSP for Engineers/Program 1/Code" start="@1456016926197" delta="9" />
  <time id="33" path="/Non Project/PSP for Engineers/Program 1/Code" start="@1456018496803" delta="3" />
  <time id="34" path="/Non Project/PSP for Engineers/Program 1/Test" start="@1456018679921" delta="5" />
  <time id="35" path="/Non Project/PSP for Engineers/Program 1/Code" start="@1456018979375" delta="10" />
  <time id="36" path="/Non Project/PSP for Engineers/Program 1/Design" start="@1456020027402" delta="10" />
  <time id="37" path="/Non Project/PSP for Engineers/Program 1/Design" start="@1456020640230" delta="6" />
  <time id="38" path="/Non Project/PSP for Engineers/Program 1/Code" start="@1456020991769" delta="7" />
  <time id="39" path="/Non Project/PSP for Engineers/Program 1/Compile" start="@1456021441059" delta="3" />
  <time id="40" path="/Non Project/PSP for Engineers/Program 1/Design" start="@1456021647385" delta="2" />
  <time id="41" path="/Non Project/PSP for Engineers/Program 1/Code" start="@1456021787650" delta="2" />
  <time id="42" path="/Non Project/PSP for Engineers/Program 1/Design" start="@1456186442141" delta="7" />
  <time id="43" path="/Non Project/PSP for Engineers/Program 1/Code" start="@1456186835161" delta="2" />
  <time id="44" path="/Non Project/PSP for Engineers/Program 2/Planning" start="@1456673854882" delta="12" />
  <time id="46" path="/Non Project/PSP for Engineers/Program 2/Design" start="@1456681781051" delta="10" />
  <time id="47" path="/Non Project/PSP for Engineers/Program 2/Code" start="@1456685959571" delta="14" />
  <time id="48" path="/Non Project/PSP for Engineers/Program 2/Design" start="@1456686815790" delta="17" />
  <time id="49" path="/Non Project/PSP for Engineers/Program 2/Code" start="@1456687843978" delta="6" />
  <time id="50" path="/Non Project/PSP for Engineers/Program 2/Code" start="@1456689983693" delta="15" />
  <time id="51" path="/Non Project/PSP for Engineers/Program 2/Code" start="@1456693189155" delta="29" />
  <time id="52" path="/Non Project/PSP for Engineers/Program 2/Compile" start="@1456694914307" delta="10" />
  <time id="53" path="/Non Project/PSP for Engineers/Program 2/Design" start="@1456695511097" delta="19" />
  <time id="54" path="/Non Project/PSP for Engineers/Program 2/Code" start="@1456696675696" delta="11" />
  <time id="55" path="/Non Project/PSP for Engineers/Program 2/Code" start="@1456698063698" delta="26" />
  <time id="56" path="/Non Project/PSP for Engineers/Program 2/Code" start="@1456704361190" delta="22" />
  <time id="57" path="/Non Project/PSP for Engineers/Program 2/Compile" start="@1456709186772" delta="1" />
  <time id="58" path="/Non Project/PSP for Engineers/Program 2/Design" start="@1456709265156" delta="11" />
  <time id="59" path="/Non Project/PSP for Engineers/Program 2/Code" start="@1456709903990" delta="7" />
  <time id="60" path="/Non Project/PSP for Engineers/Program 2/Design" start="@1456710365901" delta="15" />
  <time id="61" path="/Non Project/PSP for Engineers/Program 2/Code" start="@1456711254281" delta="12" />
  <time id="62" path="/Non Project/PSP for Engineers/Program 2/Design" start="@1456712616449" delta="9" />
  <time id="63" path="/Non Project/PSP for Engineers/Program 2/Code" start="@1456713129481" delta="3" />
  <time id="64" path="/Non Project/PSP for Engineers/Program 2/Code" start="@1456714306649" delta="28" />
  <time id="65" path="/Non Project/PSP for Engineers/Program 2/Code" start="@1456982666977" delta="24" />
  <time id="66" path="/Non Project/PSP for Engineers/Program 3/Planning" start="@1457839273970" delta="19" />
  <time id="67" path="/Non Project/PSP for Engineers/Program 3/Design" start="@1457842549138" delta="11" />
  <time id="68" path="/Non Project/PSP for Engineers/Program 3/Code" start="@1457843200685" delta="93" />
  <time id="69" path="/Non Project/PSP for Engineers/Program 3/Code" start="@1457920980772" delta="10" />
  <time id="70" path="/Non Project/PSP for Engineers/Program 3/Compile" start="@1457925545156" delta="13" />
  <time id="71" path="/Non Project/PSP for Engineers/Program 3/Compile" start="@1457935084314" delta="29" />
</timeLogEntries>
